-- phpMyAdmin SQL Dump
-- version 4.8.2
-- https://www.phpmyadmin.net/
--
-- Host: localhost
-- Generation Time: Sep 22, 2018 at 10:18 AM
-- Server version: 10.1.34-MariaDB
-- PHP Version: 5.6.37

SET SQL_MODE = "NO_AUTO_VALUE_ON_ZERO";
SET AUTOCOMMIT = 0;
START TRANSACTION;
SET time_zone = "+00:00";


/*!40101 SET @OLD_CHARACTER_SET_CLIENT=@@CHARACTER_SET_CLIENT */;
/*!40101 SET @OLD_CHARACTER_SET_RESULTS=@@CHARACTER_SET_RESULTS */;
/*!40101 SET @OLD_COLLATION_CONNECTION=@@COLLATION_CONNECTION */;
/*!40101 SET NAMES utf8mb4 */;

--
-- Database: `db_adriano`
--

-- --------------------------------------------------------

--
-- Table structure for table `tbl_admin`
--

CREATE TABLE `tbl_admin` (
  `id_admin` int(11) NOT NULL,
  `nama_admin` varchar(100) NOT NULL,
  `username` varchar(100) NOT NULL,
  `password` varchar(100) NOT NULL,
  `email` varchar(100) NOT NULL,
  `phone` bigint(15) NOT NULL,
  `hak_akses` varchar(20) NOT NULL
) ENGINE=InnoDB DEFAULT CHARSET=latin1;

--
-- Dumping data for table `tbl_admin`
--

INSERT INTO `tbl_admin` (`id_admin`, `nama_admin`, `username`, `password`, `email`, `phone`, `hak_akses`) VALUES
(1, 'Admin Adriano', 'adminweb', 'e10adc3949ba59abbe56e057f20f883e', 'adminadriano@gmail.com', 85648263456, 'admin');

-- --------------------------------------------------------

--
-- Table structure for table `tbl_bank`
--

CREATE TABLE `tbl_bank` (
  `id_bank` int(11) NOT NULL,
  `nama_bank` varchar(100) NOT NULL,
  `nama_pemilik` varchar(250) NOT NULL,
  `no_rekening` varchar(50) NOT NULL,
  `gambar` varchar(200) NOT NULL
) ENGINE=InnoDB DEFAULT CHARSET=latin1;

--
-- Dumping data for table `tbl_bank`
--

INSERT INTO `tbl_bank` (`id_bank`, `nama_bank`, `nama_pemilik`, `no_rekening`, `gambar`) VALUES
(1, 'BCA', 'Adriano', '12342456', 'aa9d3ec4243250956a314578ff477f1b.png'),
(2, 'Mandiri', 'Adriano', '543643512', 'ef548aea6b56db9a723f9c7ac91d46da.png'),
(3, 'BRI', 'Adriano', '1356787', '778473b7e82f9e47ba2c284eb60a6dfb.png'),
(4, 'Mandiri Syariah', 'Adriano', '35323264642623', 'b8a5a05025b265f80b85ec7f2494e367.png');

-- --------------------------------------------------------

--
-- Table structure for table `tbl_brand`
--

CREATE TABLE `tbl_brand` (
  `id_brand` int(11) NOT NULL,
  `nama_brand` varchar(100) NOT NULL
) ENGINE=InnoDB DEFAULT CHARSET=latin1;

--
-- Dumping data for table `tbl_brand`
--

INSERT INTO `tbl_brand` (`id_brand`, `nama_brand`) VALUES
(1, 'DELL'),
(2, 'SAMSUNG'),
(3, 'SEMUA MERK'),
(4, 'TOSHIBA'),
(5, 'SUNDIGIT'),
(6, 'Brand Enam');

-- --------------------------------------------------------

--
-- Table structure for table `tbl_carabelanja`
--

CREATE TABLE `tbl_carabelanja` (
  `id_carabelanja` int(11) NOT NULL,
  `judul` varchar(100) NOT NULL,
  `deskripsi` text NOT NULL
) ENGINE=InnoDB DEFAULT CHARSET=latin1;

--
-- Dumping data for table `tbl_carabelanja`
--

INSERT INTO `tbl_carabelanja` (`id_carabelanja`, `judul`, `deskripsi`) VALUES
(1, 'Cara Belanja Online di Andriano MX Online Shop', 'Berikut petunjuk pembelian secara Online melalui website kami :<div></div><ol><li>Lihat gamnbar barang yang akan Anda beli lihat juga detail produknya</li><li>Klik tombol \"Beli\" pada barang yang akan anda beli<br></li><li>Pada tabel anda masukan quantity barang yang akan Anda beli.</li><li>Setelah mengubah quantity jangan lupa untuk klik tombol \"refresh\"(untuk menampilkan kalkulasi harga)</li><li>Tidak ada minimal belanja anda boleh belanja berapapun.</li><li>Untuk kembali memilih barang lainnya atau melanjutkan berbelanja silahkan klik tombol \"lanjut berbelanja\" dan cari produk lainnya.</li><li>Jika sudah selesai membeli silahkan klik tombol \"selesai berbelanja\"</li><li>Bia anda belum login silahkan login terlebih dahulu. Dengan cara mengisi form yang sudah tersedia. Jika belum menjadi member silahkan mendaftar dahulu dengan cara yang mudah mengklik tombol \"registrasi member\".</li><li>Selanjutnya silahkan mengisi data lengkap pada form yang sudah tersedia</li><li>Sebelum anda selesai periksa dahulu data yang anda isi kebenarnnya atau barangkali ada yang lupa dikosongkan.</li><li>Tunggu paling lambat 1x24 jam kami akan menkonfirmsi kiriman anda melalui email atau Hp yang anda cantumkan sebelumnya.\"</li><li>Anda akan menerima balasan melalui email atau Hp Anda tentang kalkulasi harga disertai jasa pengirmiannnya.</li><li>Jika Anda setuju silhkan kirim sejumlah uang yang kami konfimasikan. Berikut rekining Bank yang kami sediakan :</li><div>BANK BRI<br>5555555555 A/n : ADRIANO</div><div>BANK BCA<br>44455555555 A/n : ADRIANO</div><div>BANK MANDIRI<br>345235235 A/n : ADRIANO</div><div>BANK MANDIRI SYARIAH<br>235235235 A/n : ADRIANO</div><li>Setelah melakukan transfer ke bank silahkan anda lakukan konfirmasi ke email kami atau hotline kami di 08656455677776.</li><li>Pengiriman barang akan kami proses secepatnya dan Anda akan enerima nomer resi yang akan kami infokan melali alamt email atau No Hp Anda.</li><li>Jika Anda menemui kesulitan silahkan hubungi Costumer service kami.</li>Terimakasih Atas kepercayaan Anda. Semoga tetap menjadi pelanggan kami...<br><br><br><br><br><br></ol>');

-- --------------------------------------------------------

--
-- Table structure for table `tbl_galeri`
--

CREATE TABLE `tbl_galeri` (
  `id_galeri` int(11) NOT NULL,
  `nama_galeri` varchar(200) NOT NULL,
  `gambar` varchar(200) NOT NULL,
  `kategorigaleri_id` int(11) NOT NULL
) ENGINE=InnoDB DEFAULT CHARSET=latin1;

--
-- Dumping data for table `tbl_galeri`
--

INSERT INTO `tbl_galeri` (`id_galeri`, `nama_galeri`, `gambar`, `kategorigaleri_id`) VALUES
(1, 'Jersea Motor', 'dec10698e402e54bbb65e199d1612127.gif', 1);

-- --------------------------------------------------------

--
-- Table structure for table `tbl_hubungikami`
--

CREATE TABLE `tbl_hubungikami` (
  `id_hubungikami` int(11) NOT NULL,
  `nama` varchar(100) NOT NULL,
  `email` varchar(100) NOT NULL,
  `hp` bigint(15) NOT NULL,
  `alamat` varchar(100) NOT NULL,
  `pesan` text NOT NULL,
  `tanggal` date NOT NULL,
  `status` int(2) NOT NULL
) ENGINE=InnoDB DEFAULT CHARSET=latin1;

--
-- Dumping data for table `tbl_hubungikami`
--

INSERT INTO `tbl_hubungikami` (`id_hubungikami`, `nama`, `email`, `hp`, `alamat`, `pesan`, `tanggal`, `status`) VALUES
(1, 'Muhammad Roziqin', 'roziqin_iqin@yahoo.com', 85648105447, 'Desa Pulo Dk Gayam RT 01 RW 04 Rembang', 'Mencoba Halaman Hubungi Kami', '2014-07-08', 1),
(2, 'Muhammad Roziqin', 'roziqin_iqin@yahoo.com', 85648105447, 'Rembang', 'Tes Komentar hubungi Kami', '2014-08-21', 1),
(3, 'Muhammad Imam Sulkarnaen', 'imam@gmail.com', 8493579345793, 'Jogja', 'Mau Tanya Cara Beli Di Toko adriano online shop', '2014-10-07', 1);

-- --------------------------------------------------------

--
-- Table structure for table `tbl_hubungi_kami_kirim`
--

CREATE TABLE `tbl_hubungi_kami_kirim` (
  `id_hubungi_kami_kirim` int(11) NOT NULL,
  `kepada` varchar(50) NOT NULL,
  `judul` varchar(50) NOT NULL,
  `isi_hubungi_kami_kirim` text NOT NULL
) ENGINE=MyISAM DEFAULT CHARSET=latin1;

--
-- Dumping data for table `tbl_hubungi_kami_kirim`
--

INSERT INTO `tbl_hubungi_kami_kirim` (`id_hubungi_kami_kirim`, `kepada`, `judul`, `isi_hubungi_kami_kirim`) VALUES
(3, 'roziqin_iqin@yahoo.com', 'Balasan', 'Balasan Untuk roziqin'),
(4, 'roziqin_iqin@yahoo.com', 'ddd', 'undefined'),
(5, 'imam@gmail.com', 'Balas', 'fdsjfdsfdsfhdsu');

-- --------------------------------------------------------

--
-- Table structure for table `tbl_jasapengiriman`
--

CREATE TABLE `tbl_jasapengiriman` (
  `id_jasapengiriman` int(11) NOT NULL,
  `nama` varchar(250) NOT NULL,
  `gambar` varchar(200) NOT NULL
) ENGINE=InnoDB DEFAULT CHARSET=latin1;

--
-- Dumping data for table `tbl_jasapengiriman`
--

INSERT INTO `tbl_jasapengiriman` (`id_jasapengiriman`, `nama`, `gambar`) VALUES
(1, 'JNE', '9161e6bd8ac2a57a7c9450bf84dee661.png'),
(2, 'TIKI', 'e6cb91a9459bc8af1f9685f947e1ffef.png'),
(3, 'ESL Express', 'cd1d63e790e558c44d0f538b51a72830.png');

-- --------------------------------------------------------

--
-- Table structure for table `tbl_kategori`
--

CREATE TABLE `tbl_kategori` (
  `id_kategori` int(11) NOT NULL,
  `nama_kategori` varchar(50) NOT NULL
) ENGINE=InnoDB DEFAULT CHARSET=latin1;

--
-- Dumping data for table `tbl_kategori`
--

INSERT INTO `tbl_kategori` (`id_kategori`, `nama_kategori`) VALUES
(1, 'COMPUTER'),
(2, 'LAPTOP'),
(3, 'CPU'),
(4, 'HARDISK'),
(5, 'CHARGER'),
(6, 'Battery'),
(7, 'VGA'),
(8, 'Processor'),
(9, 'Ram');

-- --------------------------------------------------------

--
-- Table structure for table `tbl_kategorigaleri`
--

CREATE TABLE `tbl_kategorigaleri` (
  `id_kategorigaleri` int(11) NOT NULL,
  `nama_kategorigaleri` varchar(100) NOT NULL
) ENGINE=InnoDB DEFAULT CHARSET=latin1;

--
-- Dumping data for table `tbl_kategorigaleri`
--

INSERT INTO `tbl_kategorigaleri` (`id_kategorigaleri`, `nama_kategorigaleri`) VALUES
(1, 'Album Pertama'),
(2, 'Album Kedua');

-- --------------------------------------------------------

--
-- Table structure for table `tbl_kontak`
--

CREATE TABLE `tbl_kontak` (
  `id_kontak` int(11) NOT NULL,
  `alamat` varchar(250) NOT NULL,
  `phone` bigint(15) NOT NULL,
  `email` varchar(100) NOT NULL
) ENGINE=InnoDB DEFAULT CHARSET=latin1;

--
-- Dumping data for table `tbl_kontak`
--

INSERT INTO `tbl_kontak` (`id_kontak`, `alamat`, `phone`, `email`) VALUES
(1, 'Purworejo Jawa Tengah', 8643567876434, 'adriano@gmail.com');

-- --------------------------------------------------------

--
-- Table structure for table `tbl_kota`
--

CREATE TABLE `tbl_kota` (
  `id_kota` int(11) NOT NULL,
  `nama_kota` varchar(100) NOT NULL
) ENGINE=InnoDB DEFAULT CHARSET=latin1;

--
-- Dumping data for table `tbl_kota`
--

INSERT INTO `tbl_kota` (`id_kota`, `nama_kota`) VALUES
(1, 'Purworejo'),
(2, 'Rembang'),
(3, 'Sleman'),
(4, 'Bantul'),
(5, 'Magelang'),
(6, 'Klaten'),
(7, 'Malang');

-- --------------------------------------------------------

--
-- Table structure for table `tbl_logo`
--

CREATE TABLE `tbl_logo` (
  `id_logo` int(11) NOT NULL,
  `gambar` varchar(200) NOT NULL
) ENGINE=InnoDB DEFAULT CHARSET=latin1;

--
-- Dumping data for table `tbl_logo`
--

INSERT INTO `tbl_logo` (`id_logo`, `gambar`) VALUES
(1, 'e27504c5cfbd695105b1cd7a6af9ba78.png');

-- --------------------------------------------------------

--
-- Table structure for table `tbl_produk`
--

CREATE TABLE `tbl_produk` (
  `id_produk` int(11) NOT NULL,
  `kode_produk` varchar(20) NOT NULL,
  `nama_produk` varchar(100) NOT NULL,
  `harga` bigint(15) NOT NULL,
  `stok` int(11) NOT NULL,
  `deskripsi` text NOT NULL,
  `gambar` varchar(200) NOT NULL,
  `kategori_id` int(11) NOT NULL,
  `brand_id` int(11) NOT NULL
) ENGINE=InnoDB DEFAULT CHARSET=latin1;

--
-- Dumping data for table `tbl_produk`
--

INSERT INTO `tbl_produk` (`id_produk`, `kode_produk`, `nama_produk`, `harga`, `stok`, `deskripsi`, `gambar`, `kategori_id`, `brand_id`) VALUES
(1, 'AMX00001', 'CPU DELL CORE I7', 5000000, 10, 'Lorem Ipsum Doler', 'cpu.jpg', 3, 1),
(2, 'AMX00002', 'HARDISK SAMSUNG EXTERNAL 500GB', 600000, 20, 'Lorem Ipsum doller', 'hardisk.jpg', 4, 2),
(3, 'AMX00003', 'CHARGER SEMUA LAPTOP', 300000, 2, 'Lorem Ipsum Doler', 'charger.jpg', 5, 3),
(4, 'AMX00004', 'RAM TOSHIBA 4GB', 400000, 10, 'Lorem Ipsum Doller', 'toshiba.jpg', 9, 4),
(5, 'AMX00005', 'RAM SUNDIGIT 8GB', 600000, 1, 'Lorem Ipsum Doller', 'kirik33.jpg', 9, 5),
(6, 'AMX00006', 'RAM CROSSHAIR 16GB', 10000000, 10, 'Lorem Ipsum doller', 'hair.png', 9, 6),
(7, 'AMX00007', 'RAM CROSSHAIR 4GB', 600000, 5, 'Lorem Ipsum Doler', 'kirik.jpg', 9, 6);

-- --------------------------------------------------------

--
-- Table structure for table `tbl_sambutan`
--

CREATE TABLE `tbl_sambutan` (
  `id_sambutan` int(11) NOT NULL,
  `judul` varchar(100) NOT NULL,
  `deskripsi` text NOT NULL
) ENGINE=InnoDB DEFAULT CHARSET=latin1;

--
-- Dumping data for table `tbl_sambutan`
--

INSERT INTO `tbl_sambutan` (`id_sambutan`, `judul`, `deskripsi`) VALUES
(1, 'Kami Hadir Untuk Anda', 'isi sambutan');

-- --------------------------------------------------------

--
-- Table structure for table `tbl_seo`
--

CREATE TABLE `tbl_seo` (
  `id_seo` int(11) NOT NULL,
  `tittle` varchar(50) NOT NULL,
  `keyword` varchar(500) NOT NULL,
  `description` text NOT NULL
) ENGINE=InnoDB DEFAULT CHARSET=latin1;

--
-- Dumping data for table `tbl_seo`
--

INSERT INTO `tbl_seo` (`id_seo`, `tittle`, `keyword`, `description`) VALUES
(1, 'Adriano MX Online Shop', 'Adriano Shop, Shop Mx', 'Adriano shop adalah website resmi toko online shop');

-- --------------------------------------------------------

--
-- Table structure for table `tbl_slider`
--

CREATE TABLE `tbl_slider` (
  `id_slider` int(11) NOT NULL,
  `tittle` varchar(200) NOT NULL,
  `description` text NOT NULL,
  `gambar` varchar(200) NOT NULL,
  `status` int(2) NOT NULL
) ENGINE=InnoDB DEFAULT CHARSET=latin1;

--
-- Dumping data for table `tbl_slider`
--

INSERT INTO `tbl_slider` (`id_slider`, `tittle`, `description`, `gambar`, `status`) VALUES
(2, 'Discount 50%', 'Toko Ghozi mengadakan discount 40% setiap tanggal 17 Agustus! Jangan sampai kelewatan!', 'a7a73ab63b2f7718b95d19a0e2564730.jpg', 0),
(3, 'Discount 50%', 'Toko Ghozi mengadakan discount 40% setiap tanggal 17 Agustus! Jangan sampai kelewatan!', '068593f8ba6591744232a07165ed2301.jpg', 1),
(4, 'Event beli Ram VGEN 2 gratis 1', 'Setiap pembelian ram merk samsung jika membeli 2 gratis 1', '68787c9f9d90bbe72d1c1c38614a8760.jpg', 1);

-- --------------------------------------------------------

--
-- Table structure for table `tbl_sosial_media`
--

CREATE TABLE `tbl_sosial_media` (
  `id_sosial_media` int(11) NOT NULL,
  `tw` varchar(100) NOT NULL,
  `fb` varchar(100) NOT NULL,
  `gp` varchar(100) NOT NULL
) ENGINE=InnoDB DEFAULT CHARSET=latin1;

--
-- Dumping data for table `tbl_sosial_media`
--

INSERT INTO `tbl_sosial_media` (`id_sosial_media`, `tw`, `fb`, `gp`) VALUES
(1, 'http://twitter.com', 'http://facebook.com', 'http://gplus.com');

-- --------------------------------------------------------

--
-- Table structure for table `tbl_tentangkami`
--

CREATE TABLE `tbl_tentangkami` (
  `id_tentangkami` int(11) NOT NULL,
  `judul` varchar(100) NOT NULL,
  `deskripsi` text NOT NULL
) ENGINE=InnoDB DEFAULT CHARSET=latin1;

--
-- Dumping data for table `tbl_tentangkami`
--

INSERT INTO `tbl_tentangkami` (`id_tentangkami`, `judul`, `deskripsi`) VALUES
(1, 'Kami Hadir Untuk Anda | Toko Ghozi Online Shop', 'Toko Ghozi adalah sebuah website jual beli online yang menyediakan berbagai kebutuhan komputer maupun laptop, Selain itu Toko Ghozi juga merupakan website terbesar yg terletak di indonesia. Toko Ghozi juga memberikan garansi selama 1 tahun setiap pembelian produk di Toko Ghozi. Jangan lewatkan promo menarik yg setiap hari akan memberikan kejutan!');

-- --------------------------------------------------------

--
-- Table structure for table `tbl_transaksi_detail`
--

CREATE TABLE `tbl_transaksi_detail` (
  `id_transaksi_detail` int(11) NOT NULL,
  `kode_transaksi` bigint(15) NOT NULL,
  `kode_produk` varchar(20) NOT NULL,
  `nama_produk` varchar(25) NOT NULL,
  `harga` varchar(20) NOT NULL,
  `jumlah` int(11) NOT NULL
) ENGINE=InnoDB DEFAULT CHARSET=latin1;

--
-- Dumping data for table `tbl_transaksi_detail`
--

INSERT INTO `tbl_transaksi_detail` (`id_transaksi_detail`, `kode_transaksi`, `kode_produk`, `nama_produk`, `harga`, `jumlah`) VALUES
(1, 20140907001, 'AMX00007', 'Easy Polo Black Edition', '16000', 2),
(2, 20140907001, 'AMX00002', 'Easy Polo Black Edition', '56000', 1),
(3, 20140907002, 'AMX00007', 'Easy Polo Black Edition', '16000', 1),
(4, 20140907003, 'AMX00002', 'Easy Polo Black Edition', '56000', 2),
(5, 20140909001, 'AMX00007', 'Easy Polo Black Edition', '16000', 1),
(6, 20140909001, 'AMX00005', 'Easy Polo Black Edition', '36000', 1),
(7, 20141007001, 'AMX00007', 'Easy Polo Black Edition', '16000', 2),
(8, 20141007002, 'AMX00006', 'Easy Polo Black Edition', '26000', 1),
(9, 20141007002, 'AMX00003', 'Easy Polo Black Edition', '56000', 3),
(10, 20141007002, 'AMX00004', 'Easy Polo Black Edition', '56000', 1);

-- --------------------------------------------------------

--
-- Table structure for table `tbl_transaksi_header`
--

CREATE TABLE `tbl_transaksi_header` (
  `id_transaksi_header` int(11) NOT NULL,
  `kode_transaksi` bigint(15) NOT NULL,
  `penerima` varchar(30) NOT NULL,
  `email` varchar(30) NOT NULL,
  `alamat` text NOT NULL,
  `no_telepon` varchar(20) NOT NULL,
  `propinsi` varchar(20) NOT NULL,
  `kota` varchar(20) NOT NULL,
  `kode_pos` int(10) NOT NULL,
  `bank_id` int(11) NOT NULL,
  `jasapengiriman_id` int(11) NOT NULL,
  `status` int(2) NOT NULL
) ENGINE=InnoDB DEFAULT CHARSET=latin1;

--
-- Dumping data for table `tbl_transaksi_header`
--

INSERT INTO `tbl_transaksi_header` (`id_transaksi_header`, `kode_transaksi`, `penerima`, `email`, `alamat`, `no_telepon`, `propinsi`, `kota`, `kode_pos`, `bank_id`, `jasapengiriman_id`, `status`) VALUES
(1, 20140907001, 'Muhammad Roziqin', 'roziqin_iqin@yahoo.com', 'rembang', '085648105447', 'Jawa Tengah', 'Rembang', 59216, 4, 3, 1),
(2, 20140907002, 'Muhammad Roziqin', 'roziqin_iqin@yahoo.com', 'rembang', '085648105447', 'Jawa Tengah', 'Rembang', 59216, 4, 3, 1),
(3, 20140907003, 'Muhammad Roziqin', 'roziqin_iqin@yahoo.com', 'rembang', '085648105447', 'Jawa Tengah', 'Rembang', 59216, 4, 3, 1),
(4, 20140909001, 'Redi', 'rediapri@gmail.com', 'Ponorogo', '085233639940', 'jawa timur', 'Ponorogo', 63451, 1, 3, 1),
(5, 20141007001, 'nicco', 'niccokathienk@gmail.com', 'Purworejo', '082242299013', 'Jawa Tengah', 'purworejo', 54111, 4, 3, 1),
(6, 20141007002, 'Bahpong', 'bahpong_@yahoo.com', 'Magelang', '0878675757', 'Jawa tengah', 'Magelang', 89087, 3, 2, 0);

--
-- Indexes for dumped tables
--

--
-- Indexes for table `tbl_admin`
--
ALTER TABLE `tbl_admin`
  ADD PRIMARY KEY (`id_admin`);

--
-- Indexes for table `tbl_bank`
--
ALTER TABLE `tbl_bank`
  ADD PRIMARY KEY (`id_bank`);

--
-- Indexes for table `tbl_brand`
--
ALTER TABLE `tbl_brand`
  ADD PRIMARY KEY (`id_brand`);

--
-- Indexes for table `tbl_carabelanja`
--
ALTER TABLE `tbl_carabelanja`
  ADD PRIMARY KEY (`id_carabelanja`);

--
-- Indexes for table `tbl_galeri`
--
ALTER TABLE `tbl_galeri`
  ADD PRIMARY KEY (`id_galeri`);

--
-- Indexes for table `tbl_hubungikami`
--
ALTER TABLE `tbl_hubungikami`
  ADD PRIMARY KEY (`id_hubungikami`);

--
-- Indexes for table `tbl_hubungi_kami_kirim`
--
ALTER TABLE `tbl_hubungi_kami_kirim`
  ADD PRIMARY KEY (`id_hubungi_kami_kirim`);

--
-- Indexes for table `tbl_jasapengiriman`
--
ALTER TABLE `tbl_jasapengiriman`
  ADD PRIMARY KEY (`id_jasapengiriman`);

--
-- Indexes for table `tbl_kategori`
--
ALTER TABLE `tbl_kategori`
  ADD PRIMARY KEY (`id_kategori`);

--
-- Indexes for table `tbl_kategorigaleri`
--
ALTER TABLE `tbl_kategorigaleri`
  ADD PRIMARY KEY (`id_kategorigaleri`);

--
-- Indexes for table `tbl_kontak`
--
ALTER TABLE `tbl_kontak`
  ADD PRIMARY KEY (`id_kontak`);

--
-- Indexes for table `tbl_kota`
--
ALTER TABLE `tbl_kota`
  ADD PRIMARY KEY (`id_kota`);

--
-- Indexes for table `tbl_logo`
--
ALTER TABLE `tbl_logo`
  ADD PRIMARY KEY (`id_logo`);

--
-- Indexes for table `tbl_produk`
--
ALTER TABLE `tbl_produk`
  ADD PRIMARY KEY (`id_produk`);

--
-- Indexes for table `tbl_sambutan`
--
ALTER TABLE `tbl_sambutan`
  ADD PRIMARY KEY (`id_sambutan`);

--
-- Indexes for table `tbl_seo`
--
ALTER TABLE `tbl_seo`
  ADD PRIMARY KEY (`id_seo`);

--
-- Indexes for table `tbl_slider`
--
ALTER TABLE `tbl_slider`
  ADD PRIMARY KEY (`id_slider`);

--
-- Indexes for table `tbl_sosial_media`
--
ALTER TABLE `tbl_sosial_media`
  ADD PRIMARY KEY (`id_sosial_media`);

--
-- Indexes for table `tbl_tentangkami`
--
ALTER TABLE `tbl_tentangkami`
  ADD PRIMARY KEY (`id_tentangkami`);

--
-- Indexes for table `tbl_transaksi_detail`
--
ALTER TABLE `tbl_transaksi_detail`
  ADD PRIMARY KEY (`id_transaksi_detail`);

--
-- Indexes for table `tbl_transaksi_header`
--
ALTER TABLE `tbl_transaksi_header`
  ADD PRIMARY KEY (`id_transaksi_header`);

--
-- AUTO_INCREMENT for dumped tables
--

--
-- AUTO_INCREMENT for table `tbl_admin`
--
ALTER TABLE `tbl_admin`
  MODIFY `id_admin` int(11) NOT NULL AUTO_INCREMENT, AUTO_INCREMENT=2;

--
-- AUTO_INCREMENT for table `tbl_bank`
--
ALTER TABLE `tbl_bank`
  MODIFY `id_bank` int(11) NOT NULL AUTO_INCREMENT, AUTO_INCREMENT=5;

--
-- AUTO_INCREMENT for table `tbl_brand`
--
ALTER TABLE `tbl_brand`
  MODIFY `id_brand` int(11) NOT NULL AUTO_INCREMENT, AUTO_INCREMENT=7;

--
-- AUTO_INCREMENT for table `tbl_carabelanja`
--
ALTER TABLE `tbl_carabelanja`
  MODIFY `id_carabelanja` int(11) NOT NULL AUTO_INCREMENT, AUTO_INCREMENT=2;

--
-- AUTO_INCREMENT for table `tbl_galeri`
--
ALTER TABLE `tbl_galeri`
  MODIFY `id_galeri` int(11) NOT NULL AUTO_INCREMENT, AUTO_INCREMENT=2;

--
-- AUTO_INCREMENT for table `tbl_hubungikami`
--
ALTER TABLE `tbl_hubungikami`
  MODIFY `id_hubungikami` int(11) NOT NULL AUTO_INCREMENT, AUTO_INCREMENT=4;

--
-- AUTO_INCREMENT for table `tbl_hubungi_kami_kirim`
--
ALTER TABLE `tbl_hubungi_kami_kirim`
  MODIFY `id_hubungi_kami_kirim` int(11) NOT NULL AUTO_INCREMENT, AUTO_INCREMENT=6;

--
-- AUTO_INCREMENT for table `tbl_jasapengiriman`
--
ALTER TABLE `tbl_jasapengiriman`
  MODIFY `id_jasapengiriman` int(11) NOT NULL AUTO_INCREMENT, AUTO_INCREMENT=4;

--
-- AUTO_INCREMENT for table `tbl_kategori`
--
ALTER TABLE `tbl_kategori`
  MODIFY `id_kategori` int(11) NOT NULL AUTO_INCREMENT, AUTO_INCREMENT=10;

--
-- AUTO_INCREMENT for table `tbl_kategorigaleri`
--
ALTER TABLE `tbl_kategorigaleri`
  MODIFY `id_kategorigaleri` int(11) NOT NULL AUTO_INCREMENT, AUTO_INCREMENT=3;

--
-- AUTO_INCREMENT for table `tbl_kontak`
--
ALTER TABLE `tbl_kontak`
  MODIFY `id_kontak` int(11) NOT NULL AUTO_INCREMENT, AUTO_INCREMENT=2;

--
-- AUTO_INCREMENT for table `tbl_kota`
--
ALTER TABLE `tbl_kota`
  MODIFY `id_kota` int(11) NOT NULL AUTO_INCREMENT, AUTO_INCREMENT=8;

--
-- AUTO_INCREMENT for table `tbl_logo`
--
ALTER TABLE `tbl_logo`
  MODIFY `id_logo` int(11) NOT NULL AUTO_INCREMENT, AUTO_INCREMENT=2;

--
-- AUTO_INCREMENT for table `tbl_produk`
--
ALTER TABLE `tbl_produk`
  MODIFY `id_produk` int(11) NOT NULL AUTO_INCREMENT, AUTO_INCREMENT=8;

--
-- AUTO_INCREMENT for table `tbl_sambutan`
--
ALTER TABLE `tbl_sambutan`
  MODIFY `id_sambutan` int(11) NOT NULL AUTO_INCREMENT, AUTO_INCREMENT=2;

--
-- AUTO_INCREMENT for table `tbl_seo`
--
ALTER TABLE `tbl_seo`
  MODIFY `id_seo` int(11) NOT NULL AUTO_INCREMENT, AUTO_INCREMENT=2;

--
-- AUTO_INCREMENT for table `tbl_slider`
--
ALTER TABLE `tbl_slider`
  MODIFY `id_slider` int(11) NOT NULL AUTO_INCREMENT, AUTO_INCREMENT=5;

--
-- AUTO_INCREMENT for table `tbl_sosial_media`
--
ALTER TABLE `tbl_sosial_media`
  MODIFY `id_sosial_media` int(11) NOT NULL AUTO_INCREMENT, AUTO_INCREMENT=2;

--
-- AUTO_INCREMENT for table `tbl_tentangkami`
--
ALTER TABLE `tbl_tentangkami`
  MODIFY `id_tentangkami` int(11) NOT NULL AUTO_INCREMENT, AUTO_INCREMENT=2;

--
-- AUTO_INCREMENT for table `tbl_transaksi_detail`
--
ALTER TABLE `tbl_transaksi_detail`
  MODIFY `id_transaksi_detail` int(11) NOT NULL AUTO_INCREMENT, AUTO_INCREMENT=11;

--
-- AUTO_INCREMENT for table `tbl_transaksi_header`
--
ALTER TABLE `tbl_transaksi_header`
  MODIFY `id_transaksi_header` int(11) NOT NULL AUTO_INCREMENT, AUTO_INCREMENT=7;
COMMIT;

/*!40101 SET CHARACTER_SET_CLIENT=@OLD_CHARACTER_SET_CLIENT */;
/*!40101 SET CHARACTER_SET_RESULTS=@OLD_CHARACTER_SET_RESULTS */;
/*!40101 SET COLLATION_CONNECTION=@OLD_COLLATION_CONNECTION */;
